edit_history_tweet_ids,id,text,keywords
['1663959198156062727'],1.66396E+18,Tech Talk Guru Craig Peterson breaks down more barriers to a bright future of next generation nuclear power. https://t.co/nEg4rVBgHJ,nuclear power
['1663959177247735808'],1.66396E+18,RT @JayinKyiv: The exact narrative you'd expect Russia to put out if they were about to blow up a Ukrainian nuclear power plant to then bla‚Ä¶,nuclear power
['1663959149237895183'],1.66396E+18,"Remember when Biden and the demonrats shut down pipelines, drilling, exploration, coal ,gas and nuclear power plants ? They're setting up the infrastructure for failure and planning to blame conservatives when they shut it üì¥",nuclear power
['1663959054828580864'],1.66396E+18,"#Constitution Can anyone explain how it's constitutional for the president to have a nuclear button?

The power supposedly resides with Congress. If they want to move it to the executive branch they need to have specific rules where the president is simply a last check.",nuclear power
['1663959041012269065'],1.66396E+18,@DaveyBiden2024 @Socialistdemmo Use the open land to make thousands of nuclear power plants,nuclear power
['1663958958682394624'],1.66396E+18,"üá∑üá∫ Rosatom offers üáÆüá≥ India small-sized nuclear power plant (SNPP) project   

üîãRussia‚Äôs nuclear energy corporation plans to submit a preliminary design for such a plant by the end of this year, the company said.

Subscribe to @sputniknewsindia https://t.co/sqnMtYOfJs",nuclear power
['1663958913035931653'],1.66396E+18,"RT @MonicaM444: Employees of the ZNPP have been abused long enough. Some that were ex military of üá∫üá¶, or that showed a Pro-Ukrainian stance‚Ä¶",nuclear power
['1663958902138863646'],1.66396E+18,RT @JayinKyiv: Russian state media just put out the exact narrative you'd expect them to put out if they were going to blow up a nuclear po‚Ä¶,nuclear power
"['1663953132626526208', '1663958844052242433']",1.66396E+18,"Just learned about nuclear Stirling generators this week.

And I must say, the prospect of unlimited power has never been more cool. https://t.co/eqvcrOqazi https://t.co/2xSTaPGtvW",nuclear power
['1663958796677570561'],1.66396E+18,"RT @Prolotario1: Cyber Attack 

Power Grid 

Mass Shootings

Virus

Nuclear Attack 

Border Invasion 

UFO Invasion 

I told you all they w‚Ä¶",nuclear power
['1663966848747192326'],1.66397E+18,"@MriyaReport Hun Sen is threatening Asian countries that Cambodia is also producing nuclear energy, he has announced three times. https://t.co/ZE0qe86Z8T",nuclear energy
['1663966765225787403'],1.66397E+18,"@tonyannett You might want to double-check what you cite. Austria  gets 65% of their power from hydro (https://t.co/C2r6WaSbsI). Sweden as I said in our dialogue gets 74% from hydro/nuclear. The majority of Portugal's energy relies on coal, gas, and hydro. There's a transition, not rapid.",nuclear energy
['1663966481564987393'],1.66397E+18,@RachelReevesMP @rodrikdani @GeorgeDibb Low density renewable energy is sufficient for domestic electricity but we would require a fleet of nuclear power stations if we want to sufficiently power commercial electricity.,nuclear energy
['1663966219400036364'],1.66397E+18,"@mikoske This is why we need industrial scale energy storage solutions.
Lowering nuclear output is very sub-optimal way of solving the energy flood.",nuclear energy
['1663966162185584640'],1.66397E+18,"Jared Huffman (D-CA), who is going to vote against the debt ceiling bill because of one pipeline in West Virginia, in 2014 offered an amendment to reduce funding for nuclear energy research. 
https://t.co/S2VVa2zmPn https://t.co/TLMeo5lxmf https://t.co/GUBtJnpPYC",nuclear energy
['1663966097614295041'],1.66397E+18,RT @MikeHudema: France is requiring all 80 stall+ parking lots ‚Äì both existing and new ‚Äì to be covered by solar panels. That would add 10 n‚Ä¶,nuclear energy
['1663965964663242752'],1.66397E+18,@Cornish_Rebel @ox_anna29 Plus they never factor in decommissioning in the costing let future generations worry about that ? We are best placed in EU for renewable energy the severn estuary tidal lagoon project for example Tidal systems could be huge with similar level of investment to Nuclear,nuclear energy
['1663965884891668481'],1.66397E+18,"RT @Marian_L_Tupy: Finnish electricity price drops BELOW ZERO after the latest nuclear reactor is switched on.

That is what the world coul‚Ä¶",nuclear energy
['1663965455596257280'],1.66397E+18,@2closetocall That‚Äôs at least one  full scale nuclear plant or multiple modular plants that could have been built to improve our energy grid. Volpe is doing amazing job chasing his lobby checks with bs math. Best part this plant was going to be built ex subsidies until VW.,nuclear energy
['1663965451448139783'],1.66397E+18,"RT @johncarlbaker: ""It is shocking that the Energy Department, without even notifying the public, would undermine a decades-old, bipartisan‚Ä¶",nuclear energy
"['1664338731354955777', '1664339270306242567', '1664342665503055901']",1.66434E+18,"When someone says you get more radiation from jet travel than from a nuclear power plant, they are telling such a half truth that they are essentially deceiving you. 

The radioactive concern with nuclear power comes from radioactive particles released into the environment at‚Ä¶ https://t.co/kEXzprmdlZ",nuclear reactor
['1664342306218975238'],1.66434E+18,"RT @LindaL83490762: @alfienoakes63 I think the ""nuclear war is survivable"" meme must have originated in America where war is far away. I ca‚Ä¶",nuclear reactor
['1664342110479196173'],1.66434E+18,"@alfienoakes63 I think the ""nuclear war is survivable"" meme must have originated in America where war is far away. I can't imagine limited nuclear war between 2 nuclear powers. If you launch 1, you might as well launch the lot &amp; I'd rather go straight away than face radiation &amp; nuclear winter.",nuclear reactor
['1664340945373106176'],1.66434E+18,"@MQMFLORIDA1   @azizabadi 
The Baloch speakers vehemently denounced Pakistan's nuclear testing in Balochistan and said that the Changhai region of Balochistan is currently experiencing the impacts of radiation as a result.#NukeAftermathInBalochistan #BalochistanIsNotALaboratory https://t.co/eOea4KggQx",nuclear reactor
['1664340832055336961'],1.66434E+18,"@gaborgurbacs @stats_feed It's regulated to death
In the UK.
Two possible sites have been rejected because the background natural radiation is twice the allowable levels of normal nuclear power generation.
In the meantime Scotland is paying the world's highest electricity prices
100% renewable.",nuclear reactor
['1664340710189834240'],1.66434E+18,RT @minigolfgarfiel: putting this out there before the genloss finale tomorrow: There‚Äôs a sign stating they are in a nuclear fallout shelte‚Ä¶,nuclear reactor
['1664339407459983371'],1.66434E+18,RT @SussyMyon: Why does this bird look like it‚Äôs about to emit nuclear radiation and throw suns into my face,nuclear reactor
"['1664338731354955777', '1664339270306242567', '1664342665503055901']",1.66434E+18,"When someone says you get more radiation from jet travel than from a nuclear power plant, they are telling such a half truth that they are essentially deceiving you. 

The radioactive concern with nuclear power comes from radioactive particles released into the environment at‚Ä¶ https://t.co/oMLPrqX8lX",nuclear reactor
['1664339056673562643'],1.66434E+18,"@RebeccaAVelo A nuclear bomb vs. Marxist govt:
Both ensure an equitable world with shared rights and a common standard of living.

One has radiation, the other doesn't.
Otherwise they're essentially indistinguishable.",nuclear reactor
"['1664338731354955777', '1664339270306242567', '1664342665503055901']",1.66434E+18,"When someone says you get more radiation from jet travel than from a nuclear power plant, they are telling such a half truth that they are essentially deceiving you. 

The radioactive concern with nuclear power comes from radioactive particles released into the environment at‚Ä¶ https://t.co/OONUrtjJGm",nuclear reactor
['1664335002761596929'],1.66434E+18,"Portable Nuclear Radiation Detector Geiger Counter Marble Personal Radiation Dosimeter Radioactive Ionization Monitor VAR5Q9E

https://t.co/d8Dw03Xq2i https://t.co/gQy4xBGVoJ",nuclear fission
['1664333996338061323'],1.66433E+18,RT @SussyMyon: Why does this bird look like it‚Äôs about to emit nuclear radiation and throw suns into my face,nuclear fission
['1664332621961109516'],1.66433E+18,"Geiger Counter Nuclear Radiation Detector Portable Personal Dosimeter Marble Tester X-ray Œ≥-ray Œ≤-ray Detecting XR1 BR-9B ZCEMJTG

https://t.co/sgp8zuTOqB https://t.co/dBxL2wxzyU",nuclear fission
['1664331457228095492'],1.66433E+18,"@MerrillLegacy @MatthewWielicki @dorfman_p What actually happens is that living in Denver or flying exposes a person to far more radiation than does a nuclear power plant. Or, maybe driving on roads where water from fracking is dumped. https://t.co/WcGDt40NE7
https://t.co/T4FQikhb7y",nuclear fission
['1664330883094945802'],1.66433E+18,@VenDetta_9800 @onlydjole your country will survive the nuclear winter radiation and you with it stupid man...the end of the world,nuclear fission
['1664329730923847680'],1.66433E+18,RT @SussyMyon: Why does this bird look like it‚Äôs about to emit nuclear radiation and throw suns into my face,nuclear fission
['1664325469284515861'],1.66433E+18,RT @SussyMyon: Why does this bird look like it‚Äôs about to emit nuclear radiation and throw suns into my face,nuclear fission
['1664324912490659842'],1.66432E+18,"@ADogInASuit @ConspiracyBull1 @WarClandestine Celebrities and major corporations and a major media talking point is that one shouldnt live inside a nuclear reactor exposed to constant radiation

so do it",nuclear fission
['1664324266672767056'],1.66432E+18,Joshua Luoma was awarded the DOE National Nuclear Security Administration Laboratory Residency Graduate Fellowship for his proposal on structured laser targets for advanced radiation sources.   https://t.co/tZNZfYcXho,nuclear fission
['1664323278557659159'],1.66432E+18,RT @SussyMyon: Why does this bird look like it‚Äôs about to emit nuclear radiation and throw suns into my face,nuclear fission
['1664322316573233153'],1.66432E+18,RT @SussyMyon: Why does this bird look like it‚Äôs about to emit nuclear radiation and throw suns into my face,nuclear waste
['1664321112820584448'],1.66432E+18,RT @SussyMyon: Why does this bird look like it‚Äôs about to emit nuclear radiation and throw suns into my face,nuclear waste
['1664321088967393280'],1.66432E+18,RT @SussyMyon: Why does this bird look like it‚Äôs about to emit nuclear radiation and throw suns into my face,nuclear waste
['1664320340233793536'],1.66432E+18,"Today I spoke at the pre-convocation for our @uoftmedicine Medical Radiation Sciences graduates. The 73 grads will work in one of three areas: radiation technology, nuclear medicine, and radiation therapy. This is Shifana Constantine, a student awardee. Congrats to all! https://t.co/QRADlKbYAY",nuclear waste
['1664319647909396496'],1.66432E+18,"""The French detonated 17 nuclear bombs in Algeria beginning in 1960. The impact of that radiation continues today; radioactive dust still emanates from the Sahara, from those nuclear bombs, whose effects are absolutely indelible.""

https://t.co/2iZNmBxw90",nuclear waste
['1664319347144245270'],1.66432E+18,my cat looks like she's been exposed to at least 300 hours of nuclear radiation and then maybe rat poison,nuclear waste
['1664316791378657308'],1.66432E+18,RT @SussyMyon: Why does this bird look like it‚Äôs about to emit nuclear radiation and throw suns into my face,nuclear waste
['1664315635889848329'],1.66432E+18,"RT @WINS_org: Almost every industry today uses radiation in some way.  To benefit from these peaceful, productive uses, radioactive sources‚Ä¶",nuclear waste
['1664314957213716480'],1.66431E+18,RT @SussyMyon: Why does this bird look like it‚Äôs about to emit nuclear radiation and throw suns into my face,nuclear waste
['1664313742161592321'],1.66431E+18,"RT @JunkScience: If you want to see just how badly you've been lied to about radiation and cancer risk, invest 10 hours to watch this mind-‚Ä¶",nuclear waste
['1664313620354809873'],1.66431E+18,"RT @Cecalli_Helper: ""The nuclear radiation exposed the people of #Balochistan to several chronic diseases.  Many children were born with #d‚Ä¶",nuclear safety
['1664312900901650456'],1.66431E+18,RT @SussyMyon: Why does this bird look like it‚Äôs about to emit nuclear radiation and throw suns into my face,nuclear safety
['1664312835688763392'],1.66431E+18,"RT @Marieaaow: @yasminalombaert üòÇ‚ÄúThe bunker should also provide protection against radiation.‚Äú
Those filters can‚Äòt filter radiation .
So h‚Ä¶",nuclear safety
['1664312458842980360'],1.66431E+18,RT @SussyMyon: Why does this bird look like it‚Äôs about to emit nuclear radiation and throw suns into my face,nuclear safety
['1664312215741120517'],1.66431E+18,RT @SussyMyon: Why does this bird look like it‚Äôs about to emit nuclear radiation and throw suns into my face,nuclear safety
['1664311870914985986'],1.66431E+18,"My dream bf
- 250ft+
- doesn't need income
- Unknown Age
- loves Japan and the ocean
- a bit destructive
- rlly scary &amp; has an ambiguous moral system
- evolved consume nuclear radiation (self made)
- atomic breath
- loves fighting other Kaiju &amp; swimming 
- loves me a LOT https://t.co/z9bZiG6Wme https://t.co/IsfiL84r4z",nuclear safety
['1664311797908897793'],1.66431E+18,@billybreathes @carlosahued @ylecun ‚ÄúThe only reason we won‚Äôt let everyone build nuclear reactors is because NukeCorp wants all the profits.‚Äù - some guy who died from radiation,nuclear safety
['1664310170292305925'],1.66431E+18,"Oliver Stone‚Äôs ‚ÄúNuclear Now‚Äù documents the safety of neckwear energy. Did you know that no one died in the Fukushima melt down, nor the Three mile island melt down? Minimum radiation too.",nuclear safety
['1664309824807477249'],1.66431E+18,RT @SussyMyon: Why does this bird look like it‚Äôs about to emit nuclear radiation and throw suns into my face,nuclear safety
['1664308944381132822'],1.66431E+18,RT @SussyMyon: Why does this bird look like it‚Äôs about to emit nuclear radiation and throw suns into my face,nuclear safety
['1664305306564988928'],1.66431E+18,"RT @SergiyKyslytsya: Moscow is preparing a large-scale provocation to create a center of radiation danger, according to @DI_Ukraine  In the‚Ä¶",nulcear fuel
['1664305135437201416'],1.66431E+18,RT @SussyMyon: Why does this bird look like it‚Äôs about to emit nuclear radiation and throw suns into my face,nulcear fuel
['1664304243803668484'],1.6643E+18,RT @SussyMyon: Why does this bird look like it‚Äôs about to emit nuclear radiation and throw suns into my face,nulcear fuel
['1664302613700005893'],1.6643E+18,Nuclear radiation in the deep blue sea https://t.co/syCo75f9Ac,nulcear fuel
['1664302453343551490'],1.6643E+18,RT @SussyMyon: Why does this bird look like it‚Äôs about to emit nuclear radiation and throw suns into my face,nulcear fuel
['1664300665781334017'],1.6643E+18,"@Sarmad2200 Yep, in 1986, one of the reactors at the nuclear power plant at Chernobyl, Ukraine, went out of control during a test at low-power, leading to an explosion and fire that demolished the reactor building and released large amounts of radiation. Watch Chernobyl pls, gorg show!!",nulcear fuel
['1664300392585330688'],1.6643E+18,@davidicke When comes the mRNA vaccine against nuclear radiation? And another one against global warming as well. Maybe they will find 2-3 fool's who are willing to take it üòÇ,nulcear fuel
['1664299042191429633'],1.6643E+18,@HughBramlett Please educate yourself on nuclear winter it has nothing to do with radiation,nulcear fuel
['1664298837224181760'],1.6643E+18,"@MasteroftheTDS didn't they try this with the last airbender movie? THAT was a train wreck

this is more like a train wreck that crashes into a nuclear plant that results in a radiation explosion that results in millions of casualties",nulcear fuel
['1664298218476412930'],1.6643E+18,RT @SussyMyon: Why does this bird look like it‚Äôs about to emit nuclear radiation and throw suns into my face,nulcear fuel
['1664296166652084225'],1.6643E+18,"RT @TravisVoltaire: üö® üö® üìö Discover Fallout Shelter Options in ""Nuclear War Survival Skills"" by Cresson H. Kearny. From expedient to undergr‚Ä¶",nuclear radiation
['1664296100704968704'],1.6643E+18,"RT @dorfman_p: Nuclear on an earthquake zone ...

Accidents are, by definition, accidental.

Radiation insult causes host of long-term heal‚Ä¶",nuclear radiation
['1664295291548491777'],1.6643E+18,RT @SussyMyon: Why does this bird look like it‚Äôs about to emit nuclear radiation and throw suns into my face,nuclear radiation
['1664295057640308736'],1.6643E+18,"@BenjaminLeder @onlydjole Your ignorance is outstanding, sit there and joke whilst your leaders hide in bunkers and leave you as a sitting duck come the radiation from any spark which leads to a nuclear strike...",nuclear radiation
['1664294863821578241'],1.66429E+18,RT @SussyMyon: Why does this bird look like it‚Äôs about to emit nuclear radiation and throw suns into my face,nuclear radiation
['1664294256326983693'],1.66429E+18,RT @SussyMyon: Why does this bird look like it‚Äôs about to emit nuclear radiation and throw suns into my face,nuclear radiation
['1664293718046965767'],1.66429E+18,RT @SussyMyon: Why does this bird look like it‚Äôs about to emit nuclear radiation and throw suns into my face,nuclear radiation
['1664291424735571968'],1.66429E+18,RT @SussyMyon: Why does this bird look like it‚Äôs about to emit nuclear radiation and throw suns into my face,nuclear radiation
['1664290969859117056'],1.66429E+18,"RT @cqcqcqdx: The Conelrad system, also known as the Control of Electromagnetic Radiation, was a national emergency system used in the Unit‚Ä¶",nuclear radiation
['1664288435648036864'],1.66429E+18,RT @minigolfgarfiel: putting this out there before the genloss finale tomorrow: There‚Äôs a sign stating they are in a nuclear fallout shelte‚Ä¶,nuclear radiation
['1664288407676231682'],1.66429E+18,RT @minigolfgarfiel: so why the hell is this abandoned mall related to some kind of radiation/nuclear situation and why is Showfall Media f‚Ä¶,nuclear radiation
['1664288371357671426'],1.66429E+18,RT @minigolfgarfiel: putting this out there before the genloss finale tomorrow: There‚Äôs a sign stating they are in a nuclear fallout shelte‚Ä¶,nuclear radiation
['1664288071582351361'],1.66429E+18,RT @SussyMyon: Why does this bird look like it‚Äôs about to emit nuclear radiation and throw suns into my face,nuclear radiation
['1664287606031683584'],1.66429E+18,"""The nuclear radiation exposed the people of #Balochistan to several chronic diseases.  Many children were born with #disabilities, and #diseases such as #cancer and skin disorders""   https://t.co/3tgwl1lstG #health #med #humanrights #nonukes",nuclear radiation
['1664286397124218880'],1.66429E+18,"@maddinhh1983 @BosMargit @AndreasThimm @Perowinger94 You are aware that radiation levels around a coal/lignite plant are higher than around a nuclear plant, because of radioactive trace elements (like radium) that are present in the coal and just go up the smoke stack after the coal has been burned?",nuclear radiation
['1664284884159037442'],1.66428E+18,RT @minigolfgarfiel: putting this out there before the genloss finale tomorrow: There‚Äôs a sign stating they are in a nuclear fallout shelte‚Ä¶,nuclear radiation
['1664284372718215170'],1.66428E+18,RT @SussyMyon: Why does this bird look like it‚Äôs about to emit nuclear radiation and throw suns into my face,nuclear radiation
['1664283312079388673'],1.66428E+18,RT @SussyMyon: Why does this bird look like it‚Äôs about to emit nuclear radiation and throw suns into my face,nuclear radiation
['1664282716395966474'],1.66428E+18,"RT @SusannaLeeRad: Now applications for #CTMW.  Scientists in radiology, radiation oncology, and nuclear medicine seeking guidance on study‚Ä¶",nuclear radiation
['1664282349436276740'],1.66428E+18,RT @SussyMyon: Why does this bird look like it‚Äôs about to emit nuclear radiation and throw suns into my face,nuclear radiation
['1664282339197976576'],1.66428E+18,RT @SussyMyon: Why does this bird look like it‚Äôs about to emit nuclear radiation and throw suns into my face,nuclear radiation
['1664281552023584775'],1.66428E+18,RT @SussyMyon: Why does this bird look like it‚Äôs about to emit nuclear radiation and throw suns into my face,nuclear radiation
['1664280063662227458'],1.66428E+18,RT @minigolfgarfiel: putting this out there before the genloss finale tomorrow: There‚Äôs a sign stating they are in a nuclear fallout shelte‚Ä¶,nuclear radiation
['1664279973727965185'],1.66428E+18,RT @SussyMyon: Why does this bird look like it‚Äôs about to emit nuclear radiation and throw suns into my face,nuclear radiation
['1664279476782628866'],1.66428E+18,RT @SussyMyon: Why does this bird look like it‚Äôs about to emit nuclear radiation and throw suns into my face,nuclear radiation
['1664279357609877504'],1.66428E+18,"RT @aerospacecap: 3 ¬´Monitor¬ª satellites are integrated and are ready for the launch! 

Satellites of the Research Institute of Nuclear Phy‚Ä¶",nuclear radiation
['1664278709837393921'],1.66428E+18,"3 ¬´Monitor¬ª satellites are integrated and are ready for the launch! 

Satellites of the Research Institute of Nuclear Physics of Moscow State University will be launched to test the joint work of a group of nanosatellites to observe cosmic flares in X-ray and gamma radiation. https://t.co/zR7HJFV4SI",nuclear radiation
['1664278184119128064'],1.66428E+18,"RT @dorfman_p: Nuclear on an earthquake zone ...

Accidents are, by definition, accidental.

Radiation insult causes host of long-term heal‚Ä¶",nuclear radiation
['1664277979726491654'],1.66428E+18,"RT @dan_grey: Japan, like France, has no fossil fuels. It too turned to nuclear, but unlike France, one of their plants exploded. ""Luckily""‚Ä¶",nuclear radiation
['1664277839687086082'],1.66428E+18,"Japan, like France, has no fossil fuels. It too turned to nuclear, but unlike France, one of their plants exploded. ""Luckily"" the radiation went into the Pacific.

Nuclear in Japan is being rehabilitated increasingly quickly, leading to lower LNG demand, pushing gas prices down. https://t.co/QNUkPVSbGw",nuclear radiation
['1664277063610793990'],1.66428E+18,RT @minigolfgarfiel: putting this out there before the genloss finale tomorrow: There‚Äôs a sign stating they are in a nuclear fallout shelte‚Ä¶,nuclear radiation
['1664276772924555268'],1.66428E+18,RT @SussyMyon: Why does this bird look like it‚Äôs about to emit nuclear radiation and throw suns into my face,nuclear radiation
['1664276617676611590'],1.66428E+18,"RT @dorfman_p: Nuclear on an earthquake zone ...

Accidents are, by definition, accidental.

Radiation insult causes host of long-term heal‚Ä¶",nuclear radiation
['1664275460363288581'],1.66428E+18,RT @SussyMyon: Why does this bird look like it‚Äôs about to emit nuclear radiation and throw suns into my face,nuclear radiation
['1664274840977838083'],1.66427E+18,Im hoping he misspoke but Oliver stone who made a nuclear energy documentary just said MRI is one of the most severe radiation you can get on @joerogan,nuclear radiation
['1664274320812818439'],1.66427E+18,RT @SussyMyon: Why does this bird look like it‚Äôs about to emit nuclear radiation and throw suns into my face,nuclear radiation
['1664273110403805186'],1.66427E+18,"GC01 Nuclear Radiation Detector Geiger Counter Professional Professional X-rays Œ≥-ray Œ≤-ray Detecting Tool Radioactive Tester BFJZ2LC

https://t.co/rCv19yEJJv https://t.co/hZdwF0F0eh",nuclear radiation
['1664272849723625474'],1.66427E+18,RT @minigolfgarfiel: putting this out there before the genloss finale tomorrow: There‚Äôs a sign stating they are in a nuclear fallout shelte‚Ä¶,nuclear radiation
['1664272352258179077'],1.66427E+18,"Big Deal Geiger Counter Kit Module Nuclear Radiation Detector With Display Radiation Dosimeter Electromagnetic Radiation Detecto PGN14T1

https://t.co/TF4waTl8BX https://t.co/XHYeBjnvbc",nuclear radiation
['1664272180367196163'],1.66427E+18,RT @SussyMyon: Why does this bird look like it‚Äôs about to emit nuclear radiation and throw suns into my face,nuclear radiation
['1664272134972243968'],1.66427E+18,RT @minigolfgarfiel: putting this out there before the genloss finale tomorrow: There‚Äôs a sign stating they are in a nuclear fallout shelte‚Ä¶,nuclear radiation
['1664271898216378370'],1.66427E+18,RT @SussyMyon: Why does this bird look like it‚Äôs about to emit nuclear radiation and throw suns into my face,nuclear radiation
['1664271864125063173'],1.66427E+18,RT @SussyMyon: Why does this bird look like it‚Äôs about to emit nuclear radiation and throw suns into my face,nuclear radiation
['1664270559683956738'],1.66427E+18,"@dorfman_p ""How many people died in the Fukushima nuclear disaster?
One person was confirmed to have died from exposure to radiation as a result of the disaster. A number of people were also confirmed to have died as a result of the (questionable) evacuation from the disaster zone.""",nuclear radiation
['1664270324060549121'],1.66427E+18,RT @FreeBaluchMovt: FBM is organizing a protest at Dam Square in the Netherlands on 28th May at 3 PM to raise awareness about the Pakistani‚Ä¶,nuclear radiation
['1664268354734161924'],1.66427E+18,RT @SussyMyon: Why does this bird look like it‚Äôs about to emit nuclear radiation and throw suns into my face,nuclear radiation
['1664267447569100802'],1.66427E+18,RT @SussyMyon: Why does this bird look like it‚Äôs about to emit nuclear radiation and throw suns into my face,nuclear radiation
['1664267100784054279'],1.66427E+18,@Call_Her_BJ @NavyVeteranWife No. I don‚Äôt need to hear a woman talk about the power of angels to dispel nuclear radiation. She isn‚Äôt grounded in physical consensual reality. Fox platforms her because she makes democrats look loony and detached from reality.,nuclear radiation
['1664266267895685122'],1.66427E+18,RT @minigolfgarfiel: putting this out there before the genloss finale tomorrow: There‚Äôs a sign stating they are in a nuclear fallout shelte‚Ä¶,nuclear radiation
['1664265702847692803'],1.66427E+18,RT @SussyMyon: Why does this bird look like it‚Äôs about to emit nuclear radiation and throw suns into my face,nuclear radiation
['1664348138637783042'],1.66435E+18,"International  Atomic Energy Agency ( IAEA ) (Austria)

Nuclear regulatory Commission ( NRC) (USA)

Radiation Protection Department ( RPD) (Kuwait)",nuclear radiation
['1664347855899721730'],1.66435E+18,@cirnosad Alot of Americans no longer think rationally and honestly believe nuclear blasts and radiation won‚Äôt hurt them.,nuclear radiation
['1664346797257670656'],1.66435E+18,RT @SussyMyon: Why does this bird look like it‚Äôs about to emit nuclear radiation and throw suns into my face,nuclear radiation
['1664346566188998673'],1.66435E+18,"RT @dorfman_p: Nuclear on an earthquake zone ...

Accidents are, by definition, accidental.

Radiation insult causes host of long-term heal‚Ä¶",nuclear radiation
['1664346209954443264'],1.66435E+18,"@GinandJetfuel @JulianMalins @Spriter99880 Once NATO setd up base and signs in Ukraine, Russian threat perception is multifold. As for nuclear...I read on Twitter about radiation from some stocks sent from a friendly European country. ISS that true?",nuclear radiation
['1664345595950014472'],1.66435E+18,RT @SussyMyon: Why does this bird look like it‚Äôs about to emit nuclear radiation and throw suns into my face,nuclear radiation
['1664345298968125451'],1.66435E+18,"RT @Marieaaow: @yasminalombaert üòÇ‚ÄúThe bunker should also provide protection against radiation.‚Äú
Those filters can‚Äòt filter radiation .
So h‚Ä¶",nuclear radiation
"['1664338731354955777', '1664339270306242567', '1664342665503055901']",1.66434E+18,"When someone says you get more radiation from jet travel than from a nuclear power plant, they are telling such a half truth that they are essentially deceiving you. 

The radioactive concern with nuclear power comes from radioactive particles released into the environment at‚Ä¶ https://t.co/kEXzprmdlZ",nuclear radiation
['1664342306218975238'],1.66434E+18,"RT @LindaL83490762: @alfienoakes63 I think the ""nuclear war is survivable"" meme must have originated in America where war is far away. I ca‚Ä¶",nuclear radiation
['1664342110479196173'],1.66434E+18,"@alfienoakes63 I think the ""nuclear war is survivable"" meme must have originated in America where war is far away. I can't imagine limited nuclear war between 2 nuclear powers. If you launch 1, you might as well launch the lot &amp; I'd rather go straight away than face radiation &amp; nuclear winter.",nuclear radiation
['1666153383256793088'],1.66615E+18,FSB reported on prevented sabotage at two nuclear power facilities - the Leningrad and Kalinin nuclear power plants. The saboteurs planned to undermine power transmission towers. Both are Ukrainian citizens ( 2 other accomplices were also detained). https://t.co/uhlBtUlV1I,nuclear plant
['1666153288314519588'],1.66615E+18,"RT @harryhorrorshow: TONIGHT 8PM EST/ 5PM PST

It‚Äôs one of the worst nuclear disasters in history‚Äîand a name that sits in infamy‚Äî

CHERNOBY‚Ä¶",nuclear plant
['1666153225966477312'],1.66615E+18,"This is a potential humanitarian and environmental crisis on a massive scale - and it will be worse if this impacts the nuclear plants that relies on the reservoir water for cooling.
#UkraineÔ∏è #Russia #War https://t.co/kH5W7rroW3",nuclear plant
['1666152985179586573'],1.66615E+18,@Cognition1986 @bryan_trades @historyinmemes Japan has a lot of nuclear plants though. Also Japan is not densely populated. Only Tokyo and other cities are.,nuclear plant
['1666152912429383683'],1.66615E+18,"RT @FromSteveHowell: Zelensky had better watch his back...

The US is now pointing its finger at Ukraine for the blowing up the Nord Stream‚Ä¶",nuclear plant
['1666152834495029248'],1.66615E+18,@Jerusalem_Post FSB reported on prevented sabotage at two nuclear power facilities - the Leningrad and Kalinin nuclear power plants. The saboteurs planned to undermine power transmission towers. Both are Ukrainian citizens ( 2 other accomplices were also detained). https://t.co/DcjC7mC0BB,nuclear plant
['1666152830036475911'],1.66615E+18,"RT @Kanthan2030: After losing Bakhmut, Ukraine‚Äôs military has no ‚Äúspring counteroffensive‚Äù that the Western governments promised.

Thus, th‚Ä¶",nuclear plant
['1666152830019813377'],1.66615E+18,"@spy_hunter_ 'It's safe', let's not play word games. The point is not the frequency of nuclear accidents, it is the unhinged scale of disaster (potentially continent-wide) when things do go wrong, which escalates in probability with every proliferation of plants.",nuclear plant
['1666152786063392779'],1.66615E+18,"RT @Kanthan2030: After losing Bakhmut, Ukraine‚Äôs military has no ‚Äúspring counteroffensive‚Äù that the Western governments promised.

Thus, th‚Ä¶",nuclear plant
['1666152698582900738'],1.66615E+18,RT @GicAriana: Is the West waiting for Russia to blow up nuclear power plants across Ukraine simultaneously before we give Ukraine the gree‚Ä¶,nuclear plant
['1666153933276839936'],1.66615E+18,"@AubreyGilleran @thefactualprep 1) We, mostly Democrats at best reluctant to take advantage of many of our potential energy resources, including nuclear.

2) It‚Äôs a global market and energy prices heavily dependent on what happens in the Gulf, even if  we become completely energy independent.",nuclear advantages
['1666150650928041985'],1.66615E+18,"""And way back in March of 2022, I looked at the various ways Russia could use its tactical nuclear weapons in an attempt to win a decisive advantage in Ukraine."" https://t.co/d0Ytp7aEJ0",nuclear advantages
['1666149766823018510'],1.66615E+18,"@BrianJo78940026 @CCRFInc Collecting Craft to reverse engineer. 
Making Alliances with Off and In (under) World Intelligences trading Humans for DNA manipulation and getting advanced technology for a Military Advantage.  
Securing the Fear of our Atomic and Nuclear Weapons against formidable Entities.",nuclear advantages
['1666144702133854209'],1.66614E+18,"RT @djuric_zlatko: The dam exploded...

By whom? 
The Ukrainian side.

Why? 
Because they have an advantage in this situation.

What is it?‚Ä¶",nuclear advantages
['1666142982511132685'],1.66614E+18,"Please‚Ä¶everyone in this world know that the nuclear wastewater in Japan cannot be discharged, we know the consequences of doing this. If they take advantage of legal loopholes, then change it!!!!! I know this sounds silly, but we cannot just watch this happen!!!!",nuclear advantages
['1666142913737158656'],1.66614E+18,"Traditional submarines that run on diesel fuel don‚Äôt have a long time to spend under water. They can stay submerged for several days at most. But nuclear submarines have a distinct advantage in this department. #submarine #nuclear #tuesdaymotivations

https://t.co/LfYVQuhrCV",nuclear advantages
['1666131184500322305'],1.66613E+18,"RT @djuric_zlatko: The dam exploded...

By whom? 
The Ukrainian side.

Why? 
Because they have an advantage in this situation.

What is it?‚Ä¶",nuclear advantages
['1666125336965263373'],1.66613E+18,"RT @djuric_zlatko: The dam exploded...

By whom? 
The Ukrainian side.

Why? 
Because they have an advantage in this situation.

What is it?‚Ä¶",nuclear advantages
['1666120688955011075'],1.66612E+18,@Penyrheolgerrig @visegrad24 ...the obvious advantage is to ukraine of this attack on the dam...why would russia put itself in danger from flooding and possible nuclear meltdown?...why?...what do you base your presumption that russia 'did it' on?...i and the world know russia didn't do this or nordstream...,nuclear advantages
['1666134419566997532'],1.66613E+18,"RT @SimsNono: 3. Nuclear weapons-related activities generate significant amounts of greenhouse gases. The production, maintenance, and disp‚Ä¶",nuclear greenhouse
['1666133729046065153'],1.66613E+18,"3. Nuclear weapons-related activities generate significant amounts of greenhouse gases. The production, maintenance, and disposal of nuclear waste contribute to global warming and hinder global efforts to address this urgent issue.",nuclear greenhouse
['1666102357669601281'],1.6661E+18,"RT @iamswapnil004: #idahurricane 

https://t.co/dHRQMkoGQB

THE OZONE LAYER HOLE WAS CAUSED BY STARFISH PRIME-- A NUCLEAR EXPLOSION IN SPAC‚Ä¶",nuclear greenhouse
['1666094132077690885'],1.66609E+18,"RT @ztisdale: Nuclear provides 60% of Ontario's power supply.

Nuclear power emits zero greenhouse gases.

Why aren't we building more nucl‚Ä¶",nuclear greenhouse
['1666090082150019072'],1.66609E+18,"DYK that roughly 25% of global greenhouse gas emissions come from the energy sector?  

By combining the effects of hydro, wind, solar, and nuclear power, we can get that number down to 0%!
https://t.co/pVHAMuxt0b",nuclear greenhouse
['1666043727205523456'],1.66604E+18,"@NukeForClimate According to scenarios from the World Nuclear Association and the OECD Nuclear Energy Agency (both nuclear lobby organisations), doubling the capacity of nuclear power worldwide in 2050 would only decrease greenhouse gas emissions by around 4%. But in order to do that, the world‚Ä¶ https://t.co/EUNoaPGMfQ",nuclear greenhouse
['1666040083013849088'],1.66604E+18,"@RogerHallamCS21 @jrockstrom You say ‚Äòclear‚Äô but I‚Äôm still confused ü´§ you say ‚Äòbillions of deaths‚Äô coz:
A. Starvation - yet global warming means more greenhouse gases (CO2), means greens the planet, means more to eat ergo no starving
B. War - please explain billions dying. We going nuclear? Bit pessimistic?",nuclear greenhouse
['1665839407264419842'],1.66584E+18,"RT @BernieSpofforth: Al GORE - In mad millionaire preacher mode!

Greenhouse gas emissions are the equivalent to 600,000 Hiroshima sized nu‚Ä¶",nuclear greenhouse
['1665834955920797702'],1.66583E+18,@JPB_Islington @steve_stringer @Keir_Starmer By this definition there is literally no such thing as clean energy lol. Clean energy refers to greenhouse gases which means nuclear energy is clean by definition - it‚Äôs not a matter of debate.,nuclear greenhouse
['1665769083642707974'],1.66577E+18,"RT @poetic_pet: This is the most IDIOTIC post a lobbyist group could ever post! That people actually hit the ""like"" button has me SMH... If‚Ä¶",nuclear greenhouse
['1665757046187196416'],1.66576E+18,"This is the most IDIOTIC post a lobbyist group could ever post! That people actually hit the ""like"" button has me SMH... If you don't use gas and instead use alternate sources of energy like solar, wind, hydro and worst case, nuclear, you don't emit greenhouse gases. Duh! https://t.co/ghvIxNOHNt",nuclear greenhouse
['1665753995405557767'],1.66575E+18,"@diarmuidmacd @dorfman_p Nuclear power plants produce no greenhouse gas emissions during operation, and over the course of its life-cycle, nuclear produces about the same amount of carbon dioxide-equivalent emissions per unit of electricity as wind, and one-third  per unit of solar electricity.",nuclear greenhouse
['1665739709652553729'],1.66574E+18,@JustinTrudeau We're forcing our trade partners to do the same? We're becoming self sustainable? We're building more nat gas and nuclear power facilities? We're planting more trees and cleaning our water? We're funding greenhouse grow operations for year-round organic vegetables? Your‚Ä¶ https://t.co/AfvKmCrAjb,nuclear greenhouse
['1665739394836312066'],1.66574E+18,"RT @ztisdale: Nuclear provides 60% of Ontario's power supply.

Nuclear power emits zero greenhouse gases.

Why aren't we building more nucl‚Ä¶",nuclear greenhouse
['1665728546017361922'],1.66573E+18,@Dr_Keefer @cadlam Great to see such successful implementation of CANDU nuclear technology in Ontario! It's amazing to hear about the impressive reduction in greenhouse gases and the elimination of smog days. Keep up the good work! #CleanEnergy #EnvironmentalProtection,nuclear greenhouse
['1665721665223884802'],1.66572E+18,"RT @Abettervision: Exactly. 
Agricultural nitrogen only accounts for only 4% of greenhouse gases.
This is tokenism only  ‚Äî a way of avoidin‚Ä¶",nuclear greenhouse
['1665720087901241344'],1.66572E+18,"Exactly. 
Agricultural nitrogen only accounts for only 4% of greenhouse gases.
This is tokenism only  ‚Äî a way of avoiding the necessary transition from fossil fuel burning to wind, solar, tidal, geothermal, and nuclear energies. https://t.co/zSMaY20K2X",nuclear greenhouse
['1665710008980348928'],1.66571E+18,"RT @PAHSS: Commercial nuclear power plants are essential for energy security, minimizing land use &amp; impacts on biodiversity, eliminating gr‚Ä¶",nuclear greenhouse
['1665709723881021443'],1.66571E+18,"Commercial nuclear power plants are essential for energy security, minimizing land use &amp; impacts on biodiversity, eliminating greenhouse gas emissions &amp; halting global warming! https://t.co/oyadW3w4fg",nuclear greenhouse
['1665683607325913088'],1.66568E+18,"Nuclear power offers us a clean and reliable source of energy, free from greenhouse gas emissions. By harnessing the power of atoms, we can generate electricity without contributing to climate change. üåûüí°",nuclear greenhouse
['1665639089704665089'],1.66564E+18,"1/ Nuclear power is a clean energy solution that provides a low-carbon alternative to fossil fuels. It generates electricity without producing greenhouse gas emissions, making it an important tool in reducing our carbon footprint. üêæ",nuclear greenhouse
['1665602340672479232'],1.6656E+18,RT @TheNatlInterest: Can policymakers meet rising energy demand while simultaneously protecting the environment from rising greenhouse gas‚Ä¶,nuclear greenhouse
['1665569248800919552'],1.66557E+18,Can policymakers meet rising energy demand while simultaneously protecting the environment from rising greenhouse gas emissions? https://t.co/R4QllLcLlb,nuclear greenhouse
['1665547426994741250'],1.66555E+18,RT @KamepinUa: @sovereignofkent the lower picture produces more greenhouse gas than a nuclear reactor that can outproduce the upper picture,nuclear greenhouse
['1665446291101433860'],1.66545E+18,"@dorfman_p What would it cost? Just the cost of a time machine to go back to the early 1979's and get the anti-nuclear energy movement to shut up, and most of the greenhouse gas issues could have been dealt with by the 19990s.",nuclear greenhouse
['1665412942504796164'],1.66541E+18,"@BritainRemade It is five years after XR demand two ""reduce greenhouse gas emissions to net zero by 2025"" &amp; nuclear is involved.
https://t.co/7uGb863gxD",nuclear greenhouse
['1665386643082162176'],1.66539E+18,RT @KamepinUa: @sovereignofkent the lower picture produces more greenhouse gas than a nuclear reactor that can outproduce the upper picture,nuclear greenhouse
['1665384431417278464'],1.66538E+18,@sovereignofkent the lower picture produces more greenhouse gas than a nuclear reactor that can outproduce the upper picture,nuclear greenhouse
['1665379101954170885'],1.66538E+18,"@MarcoPratti @john4brexit The two systems are not comparable and Finland is largely not renewable (nuclear is not a greenhouse emitter, but it's not renewable). The UK can use wind and nuclear as well.",nuclear greenhouse
['1665351341831495680'],1.66535E+18,"RT @FutureWorldTw: @scienceisstrat1 Nuclear fission provides a concentrated energy source, generating electricity with low greenhouse gas e‚Ä¶",nuclear greenhouse
['1665349700763918336'],1.66535E+18,"@scienceisstrat1 Nuclear fission provides a concentrated energy source, generating electricity with low greenhouse gas emissions. Fission enables continuous power production, contributes to diversifying energy portfolios, and reduces dependence on fossil fuels. https://t.co/BEH7VQAxHp",nuclear greenhouse
['1665170928790118400'],1.66517E+18,"RT @ztisdale: Nuclear provides 60% of Ontario's power supply.

Nuclear power emits zero greenhouse gases.

Why aren't we building more nucl‚Ä¶",nuclear greenhouse
['1665146485434925058'],1.66515E+18,Can policymakers meet rising energy demand while simultaneously protecting the environment from rising greenhouse gas emissions? https://t.co/R4QllLcLlb,nuclear greenhouse
['1665121260823617538'],1.66512E+18,RT @SStapczynski: French Energy Transition Minister Agnes Pannier-Runacher said it lowered its greenhouse emissions by 2.5% last year ‚Äî tha‚Ä¶,nuclear greenhouse
['1665099194946797568'],1.6651E+18,It literally makes zero difference. The only thing it'll do is create more hungry people. Stop this nonsense. Want to reduce greenhouse gasses? Nuclear energy en masse https://t.co/COYqLuwhCM,nuclear greenhouse
['1665095153931919360'],1.6651E+18,@charlesmurray Sadly goes with greenhouse gases rather than nuclear,nuclear greenhouse
['1665069367988477959'],1.66507E+18,"RT @ztisdale: Nuclear provides 60% of Ontario's power supply.

Nuclear power emits zero greenhouse gases.

Why aren't we building more nucl‚Ä¶",nuclear greenhouse
['1664999606961225728'],1.665E+18,"RT @ztisdale: Nuclear provides 60% of Ontario's power supply.

Nuclear power emits zero greenhouse gases.

Why aren't we building more nucl‚Ä¶",nuclear greenhouse
['1664978241185095682'],1.66498E+18,"RT @LeilaniAthenai1: https://t.co/4Agg9htjd3
Minister of economy(METI) urges restarting #nuclear pw PLs as part of greenhouse gas reduction‚Ä¶",nuclear greenhouse
['1664889633098833922'],1.66489E+18,"@TheOliverStone @joerogan @NuclearNowFilm The campaign against nuclear energy decades ago was the stupidest and most short-sighted thing that has ever occurred in the name of the environment. Nuclear energy is cheap, efficient, and has no Greenhouse emissions. Bring it back.",nuclear greenhouse
['1664877895561494530'],1.66488E+18,"RT @ztisdale: Nuclear provides 60% of Ontario's power supply.

Nuclear power emits zero greenhouse gases.

Why aren't we building more nucl‚Ä¶",nuclear greenhouse
['1664876909270900736'],1.66488E+18,"RT @ztisdale: Nuclear provides 60% of Ontario's power supply.

Nuclear power emits zero greenhouse gases.

Why aren't we building more nucl‚Ä¶",nuclear greenhouse
['1664870185428303873'],1.66487E+18,"RT @ztisdale: Nuclear provides 60% of Ontario's power supply.

Nuclear power emits zero greenhouse gases.

Why aren't we building more nucl‚Ä¶",nuclear greenhouse
['1664864018845114368'],1.66486E+18,"@xavcot @Liontiger12345 @fr_1960 gCO2e/kWh) stated in a report for the UK‚Äôs Committee on  Climate Change, and significantly higher than the median value of 12  gCO2e/kWh presented by the""
Preuve:
https://t.co/7lC8BTdaYp",nuclear greenhouse
['1664835692067975170'],1.66484E+18,"RT @ztisdale: Nuclear provides 60% of Ontario's power supply.

Nuclear power emits zero greenhouse gases.

Why aren't we building more nucl‚Ä¶",nuclear greenhouse
['1664828055108591617'],1.66483E+18,"RT @ztisdale: Nuclear provides 60% of Ontario's power supply.

Nuclear power emits zero greenhouse gases.

Why aren't we building more nucl‚Ä¶",nuclear greenhouse
['1664822569885728770'],1.66482E+18,"RT @ztisdale: Nuclear provides 60% of Ontario's power supply.

Nuclear power emits zero greenhouse gases.

Why aren't we building more nucl‚Ä¶",nuclear greenhouse
['1664812558149369857'],1.66481E+18,"RT @ztisdale: Nuclear provides 60% of Ontario's power supply.

Nuclear power emits zero greenhouse gases.

Why aren't we building more nucl‚Ä¶",nuclear greenhouse
['1664812173627908096'],1.66481E+18,"RT @ztisdale: Nuclear provides 60% of Ontario's power supply.

Nuclear power emits zero greenhouse gases.

Why aren't we building more nucl‚Ä¶",nuclear greenhouse
['1664796082021502976'],1.6648E+18,"RT @ztisdale: Nuclear provides 60% of Ontario's power supply.

Nuclear power emits zero greenhouse gases.

Why aren't we building more nucl‚Ä¶",nuclear greenhouse
['1666155711598821377'],1.66616E+18,"RT @TheGreenParty: üì∫ ""Nuclear is not going to help us out in this climate emergency.""

@carla_denyer speaks to the BBC about the need to in‚Ä¶",nuclear climate
['1666155596754583572'],1.66616E+18,Hey @AlboMP: thanks for committing to support climate-vulnerable countries. Will you put those words into action at the June Paris Summit? Australia's fair share of the $100bn climate pledge is equal to just one nuclear submarine. Your action is needed to #PowerOurPlanet!,nuclear climate
['1666154994603524111'],1.66615E+18,"RT @brithume: Quote: ""Nu¬≠clear weapons, climate change, pan¬≠demics, and now AI‚Äîthe reme¬≠dies are al¬≠ways, strik¬≠ingly, the same: more gov¬≠e‚Ä¶",nuclear climate
['1666154915155017764'],1.66615E+18,"RT @brithume: Quote: ""Nu¬≠clear weapons, climate change, pan¬≠demics, and now AI‚Äîthe reme¬≠dies are al¬≠ways, strik¬≠ingly, the same: more gov¬≠e‚Ä¶",nuclear climate
['1666154633721413638'],1.66615E+18,"RT @TheGreenParty: üì∫ ""Nuclear is not going to help us out in this climate emergency.""

@carla_denyer speaks to the BBC about the need to in‚Ä¶",nuclear climate
['1666153965481005056'],1.66615E+18,"So if you care about climate, the Green Party is ironically the last party you should vote for. Even Tories recognize the need for nuclear. In the UK at least. Did you know that the Finnish Greens have dropped their opposition to nuclear? Be more like the Finnish Greens, Caroline",nuclear climate
['1666153315275603969'],1.66615E+18,"RT @dorfman_p: Nuclear power‚Äôs baseload concept ‚Äúa load of cobblers‚Äù. 

#nuclear #nuclearenergy #ClimateScam #climate 
https://t.co/Vezqbhl‚Ä¶",nuclear climate
['1666153089735196676'],1.66615E+18,"RT @dorfman_p: Nuclear power‚Äôs baseload concept ‚Äúa load of cobblers‚Äù. 

#nuclear #nuclearenergy #ClimateScam #climate 
https://t.co/Vezqbhl‚Ä¶",nuclear climate
['1666153023918227456'],1.66615E+18,"RT @LouisvilleGun: You don't actually care about the climate with your ""green energy"" if you aren't promoting nuclear power. https://t.co/l‚Ä¶",nuclear climate
['1666152941684654089'],1.66615E+18,"RT @dorfman_p: UK Govt says renewables ‚Äòcannot ensure security of supply‚Äô ‚Äì they're wrong ! 

#Renewables #solar #windpower #energy #nuclea‚Ä¶",nuclear climate
['1666152674201305096'],1.66615E+18,"@TheGreenParty If you are serious about climate action, join the #nuclear bandwagon 

https://t.co/aH4Xxiu9uN",nuclear climate
['1666152592076943360'],1.66615E+18,@BDliveSA There‚Äôs difference between ‚Äúclimate change activists‚Äù and ‚Äúanti-nuclear lobbyists‚Äù.,nuclear climate
['1666152197674135553'],1.66615E+18,RT @CustomHester: This is really good journalism by @grist looking at a controversial issue/project from all sides. Shows the pros &amp; cons o‚Ä¶,nuclear climate
['1666151999866372098'],1.66615E+18,"RT @TheGreenParty: üì∫ ""Nuclear is not going to help us out in this climate emergency.""

@carla_denyer speaks to the BBC about the need to in‚Ä¶",nuclear climate
['1666150655818444801'],1.66615E+18,"RT @dorfman_p: UK Govt says renewables ‚Äòcannot ensure security of supply‚Äô ‚Äì they're wrong ! 

#Renewables #solar #windpower #energy #nuclea‚Ä¶",nuclear climate
['1666150535542743040'],1.66615E+18,"RT @quakes99: China Nuclear Chairman Sees Sevenfold Surge in Capacityü§Ø‚öõÔ∏è‚úñÔ∏è7Ô∏è‚É£üèóÔ∏èüá®üá≥ ""#China is leading a #Nuclear RenaissanceüåÖ that has seen‚Ä¶",nuclear climate
['1666150263256645648'],1.66615E+18,"RT @dorfman_p: Nuclear power‚Äôs baseload concept ‚Äúa load of cobblers‚Äù. 

#nuclear #nuclearenergy #ClimateScam #climate 
https://t.co/Vezqbhl‚Ä¶",nuclear climate
['1666149821403496460'],1.66615E+18,"RT @brithume: Quote: ""Nu¬≠clear weapons, climate change, pan¬≠demics, and now AI‚Äîthe reme¬≠dies are al¬≠ways, strik¬≠ingly, the same: more gov¬≠e‚Ä¶",nuclear climate
['1666149095654711296'],1.66615E+18,@ThuleanGamer We should make nuclear winter to help with climate change,nuclear climate
['1666149087622701056'],1.66615E+18,"Well said @carla_denyer ""#renewables is simply the way forward. Nuclear is not going to help us out in this climate emergency...the trouble with nuclear energy is that it's incredibly slow &amp; incredibly expensive....""
#SayNo2SizewellC https://t.co/5mDt0YkqFU",nuclear climate
['1666149005749780490'],1.66615E+18,"RT @TheGreenParty: üì∫ ""Nuclear is not going to help us out in this climate emergency.""

@carla_denyer speaks to the BBC about the need to in‚Ä¶",nuclear climate
['1666148780222054412'],1.66615E+18,"@JohnMcC61971366 @SabbySabs2 Climate change is equally as important as nuclear war. They are on par.

Again, that was just your one opinion on the Greens.",nuclear climate
['1666148745593880583'],1.66615E+18,"RT @LouisvilleGun: You don't actually care about the climate with your ""green energy"" if you aren't promoting nuclear power. https://t.co/l‚Ä¶",nuclear climate
['1666148097095761928'],1.66615E+18,"RT @dorfman_p: Nuclear power‚Äôs baseload concept ‚Äúa load of cobblers‚Äù. 

#nuclear #nuclearenergy #ClimateScam #climate 
https://t.co/Vezqbhl‚Ä¶",nuclear climate
['1666147085467385871'],1.66615E+18,"RT @dorfman_p: Nuclear power‚Äôs baseload concept ‚Äúa load of cobblers‚Äù. 

#nuclear #nuclearenergy #ClimateScam #climate 
https://t.co/Vezqbhl‚Ä¶",nuclear climate
['1666146491302281223'],1.66615E+18,"RT @leahstokes: Germany will close its last 3 nuclear plants this weekend. The country still runs on coal.

Shutting down safe, operating n‚Ä¶",nuclear climate
['1666146081099350025'],1.66615E+18,"RT @TheGreenParty: üì∫ ""Nuclear is not going to help us out in this climate emergency.""

@carla_denyer speaks to the BBC about the need to in‚Ä¶",nuclear climate
['1666145591074627586'],1.66615E+18,"@ScottAdamsSays @whitewalker420 His response to nuclear energy is terrible. The same problem with climate extremism is the same problem with the vaccine. ONE DICTATED SOLUTION is not the answer. We need ""all of the above"" solutions.",nuclear climate
['1666145573441765376'],1.66615E+18,"RT @TheGreenParty: üì∫ ""Nuclear is not going to help us out in this climate emergency.""

@carla_denyer speaks to the BBC about the need to in‚Ä¶",nuclear climate
['1666143671731863552'],1.66614E+18,Hey @AlboMP: thanks for committing to support climate-vulnerable countries. Will you put those words into action at the June Paris Summit? Australia's fair share of the $100bn climate pledge is equal to just one nuclear submarine. Your action is needed to #PowerOurPlanet!,nuclear climate
['1666143286346629122'],1.66614E+18,"@regisg @45BillionCrypto @StakeWithPride On a long time horizon yes, climate change will affect significantly water availability. This is why we need to innovate fast. Cutting oil before we‚Äôre ready will ensure we never get there.

I‚Äôd love to see a net creation of new nuclear plants, not empty promises.",nuclear climate
['1666142974990745611'],1.66614E+18,"RT @dorfman_p: UK Govt says renewables ‚Äòcannot ensure security of supply‚Äô ‚Äì they're wrong ! 

#Renewables #solar #windpower #energy #nuclea‚Ä¶",nuclear climate
['1666142195470958598'],1.66614E+18,"RT @brithume: Quote: ""Nu¬≠clear weapons, climate change, pan¬≠demics, and now AI‚Äîthe reme¬≠dies are al¬≠ways, strik¬≠ingly, the same: more gov¬≠e‚Ä¶",nuclear climate
['1666142097856921610'],1.66614E+18,"@TonyClimate True, RFK jr. is a good man, IMO, but he is anti-nuclear, believes that wind and solar will provide all the energy we need, and that climate change is a major crisis.",nuclear climate
['1666141830340018193'],1.66614E+18,"RT @dorfman_p: Nuclear power‚Äôs baseload concept ‚Äúa load of cobblers‚Äù. 

#nuclear #nuclearenergy #ClimateScam #climate 
https://t.co/Vezqbhl‚Ä¶",nuclear climate
['1666141776799776770'],1.66614E+18,"Climate change? Time to get serious about nuclear, thorium, and solar, and phase out CO2 emissions. Arsons? Public execution (sorry)",nuclear climate
['1666141186401107975'],1.66614E+18,RT @Stphn_42: @TheGreenParty @carla_denyer My opinion of Carla Denyer is falling. Opposing low carbon energy in a climate emergency is bad‚Ä¶,nuclear climate
['1666140739670102016'],1.66614E+18,"RT @dorfman_p: Nuclear: 'lying is the new black.'

#nuclear #climate #ClimateScam  https://t.co/6cGuh9lItM via @BeyondNukesInt",nuclear climate
['1666140513022378010'],1.66614E+18,"RT @TheGreenParty: üì∫ ""Nuclear is not going to help us out in this climate emergency.""

@carla_denyer speaks to the BBC about the need to in‚Ä¶",nuclear climate
['1666140314455638037'],1.66614E+18,"RT @dorfman_p: Nuclear power‚Äôs baseload concept ‚Äúa load of cobblers‚Äù. 

#nuclear #nuclearenergy #ClimateScam #climate 
https://t.co/Vezqbhl‚Ä¶",nuclear climate
['1666140183811457053'],1.66614E+18,"RT @dorfman_p: Nuclear power‚Äôs baseload concept ‚Äúa load of cobblers‚Äù. 

#nuclear #nuclearenergy #ClimateScam #climate 
https://t.co/Vezqbhl‚Ä¶",nuclear climate
['1666139708823334913'],1.66614E+18,"RT @TheGreenParty: üì∫ ""Nuclear is not going to help us out in this climate emergency.""

@carla_denyer speaks to the BBC about the need to in‚Ä¶",nuclear climate
['1666139445433647104'],1.66614E+18,"RT @dorfman_p: Nuclear: 'lying is the new black.'

#nuclear #climate #ClimateScam  https://t.co/6cGuh9lItM via @BeyondNukesInt",nuclear climate
['1666139414525800449'],1.66614E+18,"RT @dorfman_p: Nuclear: 'lying is the new black.'

#nuclear #climate #ClimateScam  https://t.co/6cGuh9lItM via @BeyondNukesInt",nuclear climate
['1666139305167683597'],1.66614E+18,"@lesiavasylenko While Russia committed war crimes, I'm not sure destroying a dam will lead to rising temperatures and climate change itself, unless the Zaporizhzhia Nuclear Plant is impacted",nuclear climate
['1666139141937954817'],1.66614E+18,"@GretaThunberg Hey, how do you think, the dam disruption in Ukraine caused by Russia today, will it affect climate? Russia left big nuclear power plant  without cooling.
#RussiaIsATerroristState 

https://t.co/ER6KcTXQCi",nuclear climate
['1666138848135348236'],1.66614E+18,"RT @dorfman_p: Hugely over-cost, over-time.

#Nuclear far too late for #climate and #energy crisis.

'Only nuclear plant under construction‚Ä¶",nuclear climate
['1666138669688684558'],1.66614E+18,"RT @dorfman_p: UK Govt says renewables ‚Äòcannot ensure security of supply‚Äô ‚Äì they're wrong ! 

#Renewables #solar #windpower #energy #nuclea‚Ä¶",nuclear climate
['1666138572884148246'],1.66614E+18,"Greens are weird, aren't they?

In the battle against fossil fuel interests and climate denialism, their chosen battle is - and has been for decades - against nuclear.

Germany - no nuclear, but really high emissions.

France - loads of nuclear, and much lower emissions.

ü§∑‚Äç‚ôÇÔ∏è",nuclear climate
['1666155893291991040'],1.66616E+18,"@nickhedley Nick the renewable ambassador, UN should hire Nick for this course is very passionate and he hates coal and nuclear.",nuclear renewables
['1666155711598821377'],1.66616E+18,"RT @TheGreenParty: üì∫ ""Nuclear is not going to help us out in this climate emergency.""

@carla_denyer speaks to the BBC about the need to in‚Ä¶",nuclear renewables
['1666155308673122305'],1.66616E+18,"Might be time to consider moving towards Renewable‚Äôs.üòÇüå±üåç

Wind Solar Water WSW and Storage which doesn‚Äôt create 

‚ò¢Ô∏è Nuclear Waste which is the ultimate pollution.‚ò¢Ô∏è https://t.co/evYMiM7XLe",nuclear renewables
['1666154633721413638'],1.66615E+18,"RT @TheGreenParty: üì∫ ""Nuclear is not going to help us out in this climate emergency.""

@carla_denyer speaks to the BBC about the need to in‚Ä¶",nuclear renewables
['1666154268553015297'],1.66615E+18,"@itslukechen @historyinmemes They take quite a bit of oil/gas, they use wind which is a renewable energy but they aren‚Äôt as good as something like hydroelectricity or Nuclear energy",nuclear renewables
['1666151999866372098'],1.66615E+18,"RT @TheGreenParty: üì∫ ""Nuclear is not going to help us out in this climate emergency.""

@carla_denyer speaks to the BBC about the need to in‚Ä¶",nuclear renewables
['1666150555771600900'],1.66615E+18,"@dankguyjeff @TypeForVictory How is 'order it 10 years ago' 'ready to go', but somehow nuclear takes.too long to be an option? Also I'm pretty sure your numbers are wrong but if not then installing enough renewable to provide for less than 1% of the UK's electricity demand isn't very impressive.",nuclear renewables
['1666150080666009606'],1.66615E+18,"RT @realKunalAShah: @Jkylebass You can also see the surreal expansion in nuclear, and renewable capacity - it‚Äôs unprecedented and it‚Äôs all‚Ä¶",nuclear renewables
['1666149812318634005'],1.66615E+18,"üá©üá™üá´üá∑üá™üá∫ ""Germany leads an 11-EU member states statement saying that the Swedish EU presidency should stop listening to France, who is blocking the renewable energy directive due to the absence of support for nuclear energy in it."" @POLITICOEurope",nuclear renewables
['1666149005749780490'],1.66615E+18,"RT @TheGreenParty: üì∫ ""Nuclear is not going to help us out in this climate emergency.""

@carla_denyer speaks to the BBC about the need to in‚Ä¶",nuclear renewables
['1666146784257744900'],1.66615E+18,"@pwrhungry You are very optimistic. When Sec. Granholm was Gov. Granholm, she proposed and signed the Michigan Renewable Portfolio Standard that wound up closing the Palisades Nuclear Plant. She ignored pleas to keep it open, allowed it to close and then ü§∑‚Äç‚ôÇÔ∏è at energy price spikes. 

She‚Ä¶ https://t.co/vg1PRms3w4",nuclear renewables
['1666146478580957197'],1.66615E+18,"@ProudPenna @KevinMNelsonUSA @Travis_in_Flint Kevin, my favorite part is opening with ‚Äúthe uneducated‚Äù.  Health Care professional is code for not a doctor, PA or a nurse.
Also, we don‚Äôt have renewable energy. And yes since creds seem to matter, I am a nuclear engineer by education and military.
Nothing today is ‚Äòrenewable‚Äô.",nuclear renewables
['1666146081099350025'],1.66615E+18,"RT @TheGreenParty: üì∫ ""Nuclear is not going to help us out in this climate emergency.""

@carla_denyer speaks to the BBC about the need to in‚Ä¶",nuclear renewables
['1666145573441765376'],1.66615E+18,"RT @TheGreenParty: üì∫ ""Nuclear is not going to help us out in this climate emergency.""

@carla_denyer speaks to the BBC about the need to in‚Ä¶",nuclear renewables
['1666143837126029312'],1.66614E+18,"@ZavsJustHere @Eternal12equiem @loringperson @IzzyDiggy @bryan_trades @historyinmemes Correct. For efficiency and clean energy,  nuclear is still the best option we have.
Other renewable sources are highly inefficient and are more harmful to the environment.

The argument that nuclear is dangerous is a lame excuse as there number of failures is so rare.",nuclear renewables
['1666143093957984259'],1.66614E+18,"RT @Keir_Starmer: With Labour, home-grown renewable and nuclear energy will drive growth across Britain.

Labour‚Äôs plan will boost energy s‚Ä¶",nuclear renewables
['1666142082644287488'],1.66614E+18,"@breadandposes Again, I'm not really interested in the nuclear v. renewable 'debate' but this seems like an odd argument when one of the few positive trends at the moment is the incredibly fast growth of renewables https://t.co/5BaGrzhWy0",nuclear renewables
['1666141609224708098'],1.66614E+18,"RT @SiOldridge: @dorfman_p Yes, baseload is just completely the wrong concept. The science shows we can get to a 100% renewable power syste‚Ä¶",nuclear renewables
['1666140879503884313'],1.66614E+18,@TheRapistGroper Environmentalists will sooner create renewable rupe goldberg machines than acknowledge nuclear energy as a renewable energy source,nuclear renewables
['1666140513022378010'],1.66614E+18,"RT @TheGreenParty: üì∫ ""Nuclear is not going to help us out in this climate emergency.""

@carla_denyer speaks to the BBC about the need to in‚Ä¶",nuclear renewables
['1666139708823334913'],1.66614E+18,"RT @TheGreenParty: üì∫ ""Nuclear is not going to help us out in this climate emergency.""

@carla_denyer speaks to the BBC about the need to in‚Ä¶",nuclear renewables
['1666138892360138752'],1.66614E+18,"@AlexEpstein The irony!  What did Texas, an oil &amp; gas rich state, invest in to expand their electricity grid?  More fossil fuel power plants?  More nuclear plants?  Nope.  Wind and solar power, because it's cheaper!

https://t.co/S3mLOTfSLv

https://t.co/hQufmWkfJN

https://t.co/KcagpgDuvM",nuclear renewables
['1666136336871436296'],1.66614E+18,"@acranberg @bmbrigham @AlexEpstein @heik_energy Plus, wind and solar power supported the Texas ERCOT grid during a recent Global Warming Driven heat wave that swamped existing fossil fuel &amp; nuclear power suppliers!

https://t.co/mn2049vLiM",nuclear renewables
['1666134564207570952'],1.66613E+18,"RT @TheGreenParty: üì∫ ""Nuclear is not going to help us out in this climate emergency.""

@carla_denyer speaks to the BBC about the need to in‚Ä¶",nuclear renewables
['1666134328194084885'],1.66613E+18,"5. The financial and technological resources allocated to nuclear weapons could be better utilized to address urgent global issues such as poverty, hunger, access to clean water, and renewable energy.",nuclear renewables
['1666133636284919818'],1.66613E+18,"@nickhedley The day that these incompetent assholes stop trying to cut a personal deal for every single power deal, is the day that renewable energy will see the light of day. There is no problem using a mix of all types of power, because sun, wind, water and Nuclear have benefits.",nuclear renewables
['1666131515573514246'],1.66613E+18,"RT @TheGreenParty: üì∫ ""Nuclear is not going to help us out in this climate emergency.""

@carla_denyer speaks to the BBC about the need to in‚Ä¶",nuclear renewables
['1666130825006415873'],1.66613E+18,"RT @TheGreenParty: üì∫ ""Nuclear is not going to help us out in this climate emergency.""

@carla_denyer speaks to the BBC about the need to in‚Ä¶",nuclear renewables
['1666127571279392780'],1.66613E+18,"RT @TheGreenParty: üì∫ ""Nuclear is not going to help us out in this climate emergency.""

@carla_denyer speaks to the BBC about the need to in‚Ä¶",nuclear renewables
['1666126202904408064'],1.66613E+18,@Keir_Starmer Nuclear power is not renewable and the waste is dangerous for thousands of years.,nuclear renewables
['1666126044468838400'],1.66613E+18,"RT @TheGreenParty: üì∫ ""Nuclear is not going to help us out in this climate emergency.""

@carla_denyer speaks to the BBC about the need to in‚Ä¶",nuclear renewables
['1666126042489139222'],1.66613E+18,"RT @SayNo2SizewellC: ""History will remember those who stubbornly continued to promote nuclear power as a cabal who jammed a rusty radioacti‚Ä¶",nuclear renewables
['1666124245062021126'],1.66612E+18,@staylorish Denmark [pre ukraine] found out quickly that when they need to import power from Germany [pre wind down of their nuclear] at times when their renewable [mainly wind] couldn‚Äôt deliver they were charged a premium. When they had excess power they had to sell at a discount.,nuclear renewables
['1666123788705050634'],1.66612E+18,"@CarolineLucas @RichardJMurphy Those are valid criticisms, but we need a solid baseline power supply that can underpin the vagaries  of wind and solar output. Nuclear has been grossly under developed, due to fear mongering and unfair risk aversion. Baseline nuclear and majority renewable seems sensible.",nuclear renewables
['1666123309140914190'],1.66612E+18,"""History will remember those who stubbornly continued to promote nuclear power as a cabal who jammed a rusty radioactive spoke into the renewable energy wheel &amp; called it a tune-up To deliberately impede and delay progress at a time of climate crisis...1/2 https://t.co/bn5Q3wtDky",nuclear renewables
['1666122280470994946'],1.66612E+18,"RT @TheGreenParty: üì∫ ""Nuclear is not going to help us out in this climate emergency.""

@carla_denyer speaks to the BBC about the need to in‚Ä¶",nuclear renewables
['1666121717549244416'],1.66612E+18,"@MarvolianJoe @TheGreenParty @carla_denyer The definition of green hydrogen is flawed, green hydrogen is produced by electrolysis using renewable energy only (renewable energy is not carbon neutral). So hydrogen produced using nuclear is not green hydrogen. You do realise blue MUST use carbon capture to offset production.",nuclear renewables
['1666121177142534145'],1.66612E+18,"@Jord12115084 Depends on how you scope it of course üòâ Both hydro and nuclear are green (no direct emissions) but are often not included in the ""renewable"" or ""green"" category, while biomass, which has horrible emissions, is ü§∑‚Äç‚ôÇÔ∏è",nuclear renewables
['1666120985018347537'],1.66612E+18,"RT @TheGreenParty: üì∫ ""Nuclear is not going to help us out in this climate emergency.""

@carla_denyer speaks to the BBC about the need to in‚Ä¶",nuclear renewables
['1666120847130521601'],1.66612E+18,"@nuclearzak Let's make a larger generalization - renewable energy sources are not designed to produce energy on demand.
They need help.
Why do so many RE advocates push back so hard when nuclear advocates say we can help?",nuclear renewables
['1666118866877947904'],1.66612E+18,"@kevindkillough 1/ There are many, many ways the numbers are gamed.  True first cost and install #'s, maintenance cost, running the real grid (gas, nuclear, coal) extremely in efficiently, the cost of which should be borne by renewable sector; having to put $B's into synch condensers",nuclear renewables
['1666117292164251648'],1.66612E+18,"RT @MuffiWilliam: Wind Solar Water and Storage are the safest path forward.üåçüòÇ

‚ò¢Ô∏è Nuclear Waste and accidents are so dangerous to the local‚Ä¶",nuclear renewables
['1666114888056414209'],1.66611E+18,"RT @Keir_Starmer: With Labour, home-grown renewable and nuclear energy will drive growth across Britain.

Labour‚Äôs plan will boost energy s‚Ä¶",nuclear renewables
['1666114164387991552'],1.66611E+18,"RT @TheGreenParty: üì∫ ""Nuclear is not going to help us out in this climate emergency.""

@carla_denyer speaks to the BBC about the need to in‚Ä¶",nuclear renewables
['1666113073416146944'],1.66611E+18,"RT @TheGreenParty: üì∫ ""Nuclear is not going to help us out in this climate emergency.""

@carla_denyer speaks to the BBC about the need to in‚Ä¶",nuclear renewables
['1666111887291949057'],1.66611E+18,"RT @TheGreenParty: üì∫ ""Nuclear is not going to help us out in this climate emergency.""

@carla_denyer speaks to the BBC about the need to in‚Ä¶",nuclear renewables
['1666111655174914048'],1.66611E+18,@wombat_ee @TheArisen01 Renewables are a misallocation of resources. Net zero will require almost 100% nuclear backup of renewable capacity. If so why waste time and money on renewables? Personally I think net zero is stupid but that's another argument.,nuclear renewables
['1666110837914759168'],1.66611E+18,"Doing a full year long course on Renewable Energies,
I will just be missing the nuclear experience at this point",nuclear renewables
['1666110153567895554'],1.66611E+18,"RT @TheGreenParty: üì∫ ""Nuclear is not going to help us out in this climate emergency.""

@carla_denyer speaks to the BBC about the need to in‚Ä¶",nuclear renewables
['1666109743843401729'],1.66611E+18,"RT @TheGreenParty: üì∫ ""Nuclear is not going to help us out in this climate emergency.""

@carla_denyer speaks to the BBC about the need to in‚Ä¶",nuclear renewables
['1666155983394213889'],1.66616E+18,"RT @Leigh_Phillips: Let‚Äôs look at the results: (the greener, the less carbon intensive the grid; the browner the opposite) All those green‚Ä¶",nulcear carbon
['1666155212229292033'],1.66616E+18,"RT @TVAnews: The Watts Bar Nuclear Plant team wrapped up their unit 1 spring outage last month, completing 11,000 work activities! This har‚Ä¶",nulcear carbon
['1666155165039067159'],1.66616E+18,"RT @TVAnews: The Watts Bar Nuclear Plant team wrapped up their unit 1 spring outage last month, completing 11,000 work activities! This har‚Ä¶",nulcear carbon
['1666153638333382664'],1.66615E+18,"RT @Leigh_Phillips: This is actually a rare Starmer win.

The truth is that France‚Äôs publicly built nuclear fleet (1979-88) experienced the‚Ä¶",nulcear carbon
['1666153485534887937'],1.66615E+18,"RT @Leigh_Phillips: This is actually a rare Starmer win.

The truth is that France‚Äôs publicly built nuclear fleet (1979-88) experienced the‚Ä¶",nulcear carbon
['1666153007589752848'],1.66615E+18,"RT @Leigh_Phillips: This is actually a rare Starmer win.

The truth is that France‚Äôs publicly built nuclear fleet (1979-88) experienced the‚Ä¶",nulcear carbon
['1666152362128601088'],1.66615E+18,"Let‚Äôs look at the results: (the greener, the less carbon intensive the grid; the browner the opposite) All those green bits primarily depend upon hydro, nuclear or some combination of the two (yes, including DK, which piggybacks off others‚Äô firm supply) https://t.co/rQoJxqMBFY https://t.co/UVbiiOtC8l",nulcear carbon
['1666150482186838016'],1.66615E+18,"RT @Leigh_Phillips: This is actually a rare Starmer win.

The truth is that France‚Äôs publicly built nuclear fleet (1979-88) experienced the‚Ä¶",nulcear carbon
['1666149652075544577'],1.66615E+18,"RT @Leigh_Phillips: This is actually a rare Starmer win.

The truth is that France‚Äôs publicly built nuclear fleet (1979-88) experienced the‚Ä¶",nulcear carbon
['1666149208762482708'],1.66615E+18,"The Watts Bar Nuclear Plant team wrapped up their unit 1 spring outage last month, completing 11,000 work activities! This hard work from our team returned the unit to its full generating capacity supplying carbon-free energy for 650,000 homes and businesses. #NuclearEnergy https://t.co/axL4b6vno3",nulcear carbon
['1666148425002373122'],1.66615E+18,"RT @Leigh_Phillips: This is actually a rare Starmer win.

The truth is that France‚Äôs publicly built nuclear fleet (1979-88) experienced the‚Ä¶",nulcear carbon
['1666148057031794688'],1.66615E+18,"RT @Leigh_Phillips: This is actually a rare Starmer win.

The truth is that France‚Äôs publicly built nuclear fleet (1979-88) experienced the‚Ä¶",nulcear carbon
['1666147714311274496'],1.66615E+18,"This is actually a rare Starmer win.

The truth is that France‚Äôs publicly built nuclear fleet (1979-88) experienced the fastest decline in carbon intensity of energy in history; isn‚Äôt intermittent like Caroline‚Äôs wind &amp; solar; and enjoys some of the cheapest elec in EU. https://t.co/CByvzih1Xe",nulcear carbon
['1666146331734290439'],1.66615E+18,"Hey hey, pssst! Want to know how to get safe, reliable, and zero carbon emissions power and steam production? Check out this article on Dow's Seadrift location being selected for the X-Energy Advanced SMR Nuclear Project. Click the link for all the deets: https://t.co/PfLE4jt9nV""",nulcear carbon
['1666144706860810249'],1.66614E+18,"@IzzyDiggy @bryan_trades @historyinmemes Nuclear power plants on a proportional level, are safe and cause fewer human casualties (as well as less carbon footprint) than any other power source, including green tech",nulcear carbon
['1666141186401107975'],1.66614E+18,RT @Stphn_42: @TheGreenParty @carla_denyer My opinion of Carla Denyer is falling. Opposing low carbon energy in a climate emergency is bad‚Ä¶,nulcear carbon
['1666140855420190730'],1.66614E+18,RT @AbidaRafiqueAni: Will commercial ships go nuclear in the near future? Interest is growing in using new reactor #technologies  to scale‚Ä¶,nulcear carbon
['1666140022104260633'],1.66614E+18,"The first new nuclear reactor built in the U.S. in more than 40 years is now up and running in Georgia.  The completion of Plant Vogtle Unit 3 is a major milestone not just for the long-delayed project itself, but for nuclear energy in the United States. 
https://t.co/7futMVHt8S",nulcear carbon
['1666138943094657030'],1.66614E+18,"Will commercial ships go nuclear in the near future? Interest is growing in using new reactor #technologies  to scale back the maritime industry‚Äôs carbon footprint.
@zohaib24hdj @AsmaKhawaja5 @DrMFaisal @zafar_jaspal @SalmanAneel @adilsultan @CIMSEC @ForeignOfficePk https://t.co/XSTGjqPoDb",nulcear carbon
['1666137928307814427'],1.66614E+18,"RT @micsolana: people are mad at the environmentalists for burning oil and coal in place of nuclear, but burning oil and coal releases a lo‚Ä¶",nulcear carbon
['1666132949291479056'],1.66613E+18,"RT @Stphn_42: @carla_denyer I expected better from you. 

You claim that ""nuclear energy is 8-11x more carbon intensive than renewables.""‚Ä¶",nulcear carbon
['1666131689196904448'],1.66613E+18,"Dow's Seadrift, Texas Location Selected for X-Energy Advanced SMR Nuclear Project To Deliver Safe, Reliable, Zero Carbon Emissions Power and Steam Production: 3BL Media https://t.co/ChP0OY5w9b 

MORE w/ EcoSearch: https://t.co/wvCPxYYAv3",nulcear carbon
['1666130459909140494'],1.66613E+18,"RT @RJBono18: @carla_denyer Wind and solar are not the ‚Äúsolution‚Äù. Germany has invested 500B in RE, yet yesterday their carbon intensity wa‚Ä¶",nulcear carbon
['1666129554480541710'],1.66613E+18,"$DOW [15s. delayed]: Issued Press Release on June 06, 13:00:00: Dow‚Äôs Seadrift, Texas Location Selected for X-Energy Advanced SMR Nuclear Project To Deliver Safe, Reliable, Zero Carbon Emissions Power and Steam Production https://t.co/JlWxCESIVt",nulcear carbon
['1666129549950693399'],1.66613E+18,"$the [15s. delayed]: Issued Press Release on June 06, 13:00:00: Dow‚Äôs Seadrift, Texas Location Selected for X-Energy Advanced SMR Nuclear Project To Deliver Safe, Reliable, Zero Carbon Emissions Power and Steam Production https://t.co/eSjqpXAmQF",nulcear carbon
['1666129481684090880'],1.66613E+18,"$DOW Dow‚Äôs Seadrift, Texas Location Selected for X-Energy Advanced SMR Nuclear Project To Deliver Safe, Reliable, Zero Carbon Emissions Power and Steam Production

#trading #stocks
https://t.co/KlvYjN6yyK",nulcear carbon
['1666128146599661568'],1.66613E+18,"RT @micsolana: people are mad at the environmentalists for burning oil and coal in place of nuclear, but burning oil and coal releases a lo‚Ä¶",nulcear carbon
['1666125873827950592'],1.66613E+18,"The ""additionality"" principle requires that new, carbon-free sources be used to power H2 generation facilities.  (Note:  nuclear plant power uprates would qualify as new generation.)  4/16",nulcear carbon
['1666125229414924288'],1.66613E+18,"To keep global warming below 2 degrees by 2050, at least 80% of global electricity generation must be shifted to these low carbon sources (Source: IEA). Are you surprised nuclear energy has the lowest lifecycle emissions? https://t.co/m6ozSEvNz7",nulcear carbon
['1666125061059903492'],1.66613E+18,"Dow‚Äôs Seadrift, Texas Location Selected for X-Energy Advanced SMR Nuclear Project To Deliver Safe, Reliable, Zero Carbon Emissions Power and Steam Production https://t.co/lyTqjhwLfX https://t.co/yzJh1FEKfK",nulcear carbon
['1666124533043003392'],1.66612E+18,"@adrianeaux I don't know of anyone who says 100% nuclear. What I meant to say that ""And no, I don't think post-carbon energy sources should be exclusively nuclear"" as opposed to ""nuclear above everything else""",nulcear carbon
['1666122000077664258'],1.66612E+18,"in the meantime..

""Worldwide we need to double the amount of nuclear capacity, possibly  even triple it by 2050 in order to meet our net-zero carbon goals,‚Äù U.S.  Assistant Secretary of Energy Kathryn Huff said"" 

https://t.co/v6uqeVhydL",nulcear carbon
['1666121717549244416'],1.66612E+18,"@MarvolianJoe @TheGreenParty @carla_denyer The definition of green hydrogen is flawed, green hydrogen is produced by electrolysis using renewable energy only (renewable energy is not carbon neutral). So hydrogen produced using nuclear is not green hydrogen. You do realise blue MUST use carbon capture to offset production.",nulcear carbon
['1666121663941943297'],1.66612E+18,@dorfman_p @historyscoper Most of the comments in the article are so wrong that I have to wonder if this is satire. Baseload is a very well understood concept among utilities. The article also provides no facts and is risible. Nuclear is really the best way to reduce carbon emissions.,nulcear carbon
['1666119043881873409'],1.66612E+18,"""It is our responsibility to the world to produce carbon-free power, to reduce emissions."" - Julia Sharma, P.E. Nuclear Safety Analyst at @xenergynuclear.
Learn more about X-Energy's mission to meet the world's energy demands with advanced nuclear below ‚§µÔ∏è https://t.co/DoB9JXn4bf",nulcear carbon
['1666118615500832770'],1.66612E+18,@TomStDenis2 @calgarysun Except Quebec. I would like to know where this carbon tax is going as well. Nuclear seems to be the only option for a lot of provinces. Is this socialist government going to pay for those?,nulcear carbon
['1666118005645017089'],1.66612E+18,"RT @micsolana: people are mad at the environmentalists for burning oil and coal in place of nuclear, but burning oil and coal releases a lo‚Ä¶",nulcear carbon
['1666115013906505729'],1.66612E+18,RT @sizewellc: At Sizewell C we have an exciting vision to bring #nuclear and hydrogen together to help us make big reductions in carbon em‚Ä¶,nulcear carbon
['1666113818823389185'],1.66611E+18,"RT @Stphn_42: @carla_denyer I expected better from you. 

You claim that ""nuclear energy is 8-11x more carbon intensive than renewables.""‚Ä¶",nulcear carbon
['1666113490212323330'],1.66611E+18,"RT @RJBono18: @carla_denyer Wind and solar are not the ‚Äúsolution‚Äù. Germany has invested 500B in RE, yet yesterday their carbon intensity wa‚Ä¶",nulcear carbon
['1666112958651310080'],1.66611E+18,"RT @micsolana: people are mad at the environmentalists for burning oil and coal in place of nuclear, but burning oil and coal releases a lo‚Ä¶",nulcear carbon
['1666111904409075715'],1.66611E+18,@Scipio4fricanus @TheArisen01 People aren't onboard with a big nuclear buildout yet. I'd rather wind and solar be built to reduce carbon in the meantime than no action be taken at all.,nulcear carbon
['1666111514447683584'],1.66611E+18,RT @GovNuclear: Will commercial ships go nuclear in the near future? Interest is growing in using new reactor technologies to scale back th‚Ä¶,nulcear carbon
['1666109960948707329'],1.66611E+18,"@carla_denyer Wind and solar are not the ‚Äúsolution‚Äù. Germany has invested 500B in RE, yet yesterday their carbon intensity was 12X that of nuclear France, at 2X the grid electricity cost. Their Economics Minister just announced that this winter it will burn coal as RE is ‚Äúnot enough‚Äù. https://t.co/PzeNrN4PUT",nulcear carbon
['1666109336790130688'],1.66611E+18,"@JigarShahDC Military planes R built by Defense Contractors in factories while Aircraft carriers are built by US Naval Shipyards. These capital ships are the most important warships, largest in the fleet.  They are different as are NPPs hard to fight w/o carriers or carbon war without NUCLEAR https://t.co/4JDvmGzj4T",nulcear carbon
['1666108894027063296'],1.66611E+18,"@AdamForColorado Hi Adam, modern nuclear energy is a great, safe, low carbon addition to our grid, but I don't see any comments about it on your website or policy positions. I'd encourage you to consider vocally supporting it!",nulcear carbon
['1666108149936570371'],1.66611E+18,RT @GovNuclear: Will commercial ships go nuclear in the near future? Interest is growing in using new reactor technologies to scale back th‚Ä¶,nulcear carbon
['1666107063385169923'],1.66611E+18,"@TheGreenParty @carla_denyer Fucking hell, get with the program people. We need zero-carbon energy sources. Wind and Solar are two, but #nuclear is the capstone that will ensure that we can decarbonize further on into the future. @Carla_Denyer is clueless when it comes to our world-wide energy crisis.",nulcear carbon
['1666104996264288257'],1.6661E+18,"RT @micsolana: people are mad at the environmentalists for burning oil and coal in place of nuclear, but burning oil and coal releases a lo‚Ä¶",nulcear carbon
['1666098440626147330'],1.6661E+18,"Siting a nuclear power facility is both art and science! The Carbon-Free Power Project will be located at the Idaho National Laboratory.
#CFPP  #nuclearpower
https://t.co/HuCHzb2McQ",nulcear carbon
